ProductID,ProductName,ProductNumber,CategoryID,CategoryName
1,HL Mountain Handlebars,HB-M918,15,Handlebars
2,HL Road Handlebars,HB-R956,15,Handlebars
3,HL Touring Handlebars,HB-T928,15,Handlebars
4,LL Mountain Handlebars,HB-M243,15,Handlebars
5,LL Road Handlebars,HB-R504,15,Handlebars
6,LL Touring Handlebars,HB-T721,15,Handlebars
7,ML Mountain Handlebars,HB-M763,15,Handlebars
8,"Mountain-100 Black, 38",BK-M82B-38,22,Mountain Bikes
9,"Mountain-100 Black, 42",BK-M82B-42,22,Mountain Bikes
10,"Mountain-100 Black, 44",BK-M82B-44,22,Mountain Bikes
11,"Mountain-100 Black, 48",BK-M82B-48,22,Mountain Bikes
12,"Mountain-100 Silver, 38",BK-M82S-38,22,Mountain Bikes
13,"Mountain-100 Silver, 42",BK-M82S-42,22,Mountain Bikes
14,"Mountain-100 Silver, 44",BK-M82S-44,22,Mountain Bikes
15,"Mountain-100 Silver, 48",BK-M82S-48,22,Mountain Bikes
16,"Mountain-200 Black, 38",BK-M68B-38,22,Mountain Bikes
17,"Mountain-200 Black, 42",BK-M68B-42,22,Mountain Bikes
18,"Mountain-200 Black, 46",BK-M68B-46,22,Mountain Bikes
19,"Mountain-200 Silver, 38",BK-M68S-38,22,Mountain Bikes
20,"Mountain-200 Silver, 42",BK-M68S-42,22,Mountain Bikes
21,"Mountain-200 Silver, 46",BK-M68S-46,22,Mountain Bikes
22,"Mountain-300 Black, 38",BK-M47B-38,22,Mountain Bikes
23,"Mountain-300 Black, 40",BK-M47B-40,22,Mountain Bikes
24,"Mountain-300 Black, 44",BK-M47B-44,22,Mountain Bikes
25,"Mountain-300 Black, 48",BK-M47B-48,22,Mountain Bikes
26,"Mountain-400-W Silver, 38",BK-M38S-38,22,Mountain Bikes
27,"Mountain-400-W Silver, 40",BK-M38S-40,22,Mountain Bikes
28,"Mountain-400-W Silver, 42",BK-M38S-42,22,Mountain Bikes
29,"Mountain-400-W Silver, 46",BK-M38S-46,22,Mountain Bikes
30,"Mountain-500 Black, 40",BK-M18B-40,22,Mountain Bikes
31,"Mountain-500 Black, 42",BK-M18B-42,22,Mountain Bikes
32,"Mountain-500 Black, 44",BK-M18B-44,22,Mountain Bikes
33,"Mountain-500 Black, 48",BK-M18B-48,22,Mountain Bikes
34,"Mountain-500 Black, 52",BK-M18B-52,22,Mountain Bikes
35,"Mountain-500 Silver, 40",BK-M18S-40,22,Mountain Bikes
36,"Mountain-500 Silver, 42",BK-M18S-42,22,Mountain Bikes
37,"Mountain-500 Silver, 44",BK-M18S-44,22,Mountain Bikes
38,"Mountain-500 Silver, 48",BK-M18S-48,22,Mountain Bikes
39,"Mountain-500 Silver, 52",BK-M18S-52,22,Mountain Bikes
40,"Road-150 Red, 44",BK-R93R-44,27,Road Bikes
41,"Road-150 Red, 48",BK-R93R-48,27,Road Bikes
42,"Road-150 Red, 52",BK-R93R-52,27,Road Bikes
43,"Road-150 Red, 56",BK-R93R-56,27,Road Bikes
44,"Road-150 Red, 62",BK-R93R-62,27,Road Bikes
45,"Road-250 Black, 44",BK-R89B-44,27,Road Bikes
46,"Road-250 Black, 48",BK-R89B-48,27,Road Bikes
47,"Road-250 Black, 52",BK-R89B-52,27,Road Bikes
48,"Road-250 Black, 58",BK-R89B-58,27,Road Bikes
49,"Road-250 Red, 44",BK-R89R-44,27,Road Bikes
50,"Road-250 Red, 48",BK-R89R-48,27,Road Bikes
51,"Road-250 Red, 52",BK-R89R-52,27,Road Bikes
52,"Road-250 Red, 58",BK-R89R-58,27,Road Bikes
53,"Road-350-W Yellow, 40",BK-R79Y-40,27,Road Bikes
54,"Road-350-W Yellow, 42",BK-R79Y-42,27,Road Bikes
55,"Road-350-W Yellow, 44",BK-R79Y-44,27,Road Bikes
56,"Road-350-W Yellow, 48",BK-R79Y-48,27,Road Bikes
57,"Road-450 Red, 44",BK-R68R-44,27,Road Bikes
58,"Road-450 Red, 48",BK-R68R-48,27,Road Bikes
59,"Road-450 Red, 52",BK-R68R-52,27,Road Bikes
60,"Road-450 Red, 58",BK-R68R-58,27,Road Bikes
61,"Road-450 Red, 60",BK-R68R-60,27,Road Bikes
62,"Road-550-W Yellow, 38",BK-R64Y-38,27,Road Bikes
63,"Road-550-W Yellow, 40",BK-R64Y-40,27,Road Bikes
64,"Road-550-W Yellow, 42",BK-R64Y-42,27,Road Bikes
65,"Road-550-W Yellow, 44",BK-R64Y-44,27,Road Bikes
66,"Road-550-W Yellow, 48",BK-R64Y-48,27,Road Bikes
67,"Road-650 Black, 44",BK-R50B-44,27,Road Bikes
68,"Road-650 Black, 48",BK-R50B-48,27,Road Bikes
69,"Road-650 Black, 52",BK-R50B-52,27,Road Bikes
70,"Road-650 Black, 58",BK-R50B-58,27,Road Bikes
71,"Road-650 Black, 60",BK-R50B-60,27,Road Bikes
72,"Road-650 Black, 62",BK-R50B-62,27,Road Bikes
73,"Road-650 Red, 44",BK-R50R-44,27,Road Bikes
74,"Road-650 Red, 48",BK-R50R-48,27,Road Bikes
75,"Road-650 Red, 52",BK-R50R-52,27,Road Bikes
76,"Road-650 Red, 58",BK-R50R-58,27,Road Bikes
77,"Road-650 Red, 60",BK-R50R-60,27,Road Bikes
78,"Road-650 Red, 62",BK-R50R-62,27,Road Bikes
79,"Road-750 Black, 44",BK-R19B-44,27,Road Bikes
80,"Road-750 Black, 48",BK-R19B-48,27,Road Bikes
81,"Road-750 Black, 52",BK-R19B-52,27,Road Bikes
82,"Road-750 Black, 58",BK-R19B-58,27,Road Bikes
83,"Touring-1000 Blue, 46",BK-T79U-46,34,Touring Bikes
84,"Touring-1000 Blue, 50",BK-T79U-50,34,Touring Bikes
85,"Touring-1000 Blue, 54",BK-T79U-54,34,Touring Bikes
86,"Touring-1000 Blue, 60",BK-T79U-60,34,Touring Bikes
87,"Touring-1000 Yellow, 46",BK-T79Y-46,34,Touring Bikes
88,"Touring-1000 Yellow, 50",BK-T79Y-50,34,Touring Bikes
89,"Touring-1000 Yellow, 54",BK-T79Y-54,34,Touring Bikes
90,"Touring-1000 Yellow, 60",BK-T79Y-60,34,Touring Bikes
91,"Touring-2000 Blue, 46",BK-T44U-46,34,Touring Bikes
92,"Touring-2000 Blue, 50",BK-T44U-50,34,Touring Bikes
93,"Touring-2000 Blue, 54",BK-T44U-54,34,Touring Bikes
94,"Touring-2000 Blue, 60",BK-T44U-60,34,Touring Bikes
95,"Touring-3000 Blue, 44",BK-T18U-44,34,Touring Bikes
96,"Touring-3000 Blue, 50",BK-T18U-50,34,Touring Bikes
97,"Touring-3000 Blue, 54",BK-T18U-54,34,Touring Bikes
98,"Touring-3000 Blue, 58",BK-T18U-58,34,Touring Bikes
99,"Touring-3000 Blue, 62",BK-T18U-62,34,Touring Bikes
100,"Touring-3000 Yellow, 44",BK-T18Y-44,34,Touring Bikes
101,"Touring-3000 Yellow, 50",BK-T18Y-50,34,Touring Bikes
102,"Touring-3000 Yellow, 54",BK-T18Y-54,34,Touring Bikes
103,"Touring-3000 Yellow, 58",BK-T18Y-58,34,Touring Bikes
104,"Touring-3000 Yellow, 62",BK-T18Y-62,34,Touring Bikes
